onset_bucket,stable,unstable,total,unstable_ratio
,48,52,100,0.52
0.0,74,129,203,0.6354679802955665
1.0,115,149,264,0.5643939393939394
2.0,7,216,223,0.968609865470852
3.0,304,6,310,0.01935483870967742
