severity_bucket,stable,unstable,total,unstable_ratio
,48.0,52.0,100.0,0.52
0.0,304.0,6.0,310.0,0.01935483870967742
1.0,196.0,160.0,356.0,0.449438202247191
2.0,0.0,181.0,181.0,1.0
3.0,0.0,153.0,153.0,1.0
