{"early_stop_count":9,"_wandb":{"runtime":1},"lr":0.00023837389521772471,"train/epoch_distill_loss":0.006164439240510159,"val/logloss":0.7274663023028368,"_step":31,"temperature":2,"epoch":31,"train/epoch_total_loss":0.014087459647116508,"distill_weight":10,"_timestamp":1.7744430096182911e+09,"best_logloss":0.4213971676195213,"_runtime":1.686629102,"train/epoch_task_loss":0.007923020341688746,"val/acc":0.71}