{"_timestamp":1.774115994999396e+09,"best_logloss":0.1638160325177241,"val/acc":0.89,"_wandb":{"runtime":19},"_step":100,"lr":1.0737692253231258e-06,"train/loss":0.029136906734647902,"epoch":100,"val/logloss":0.3926864001179024,"_runtime":19.264402903}