cluster_id,n_samples,unstable_rate,pc1_mean,pc2_mean,nmi_vs_class
0,156,0.9935897435897436,7.763881483394594,0.5015255846610253,0.1370957504234168
1,560,0.325,-1.255119206066032,4.502414259975095,0.1370957504234168
2,87,0.4942528735632184,11.859680896820338,-7.6484226995078215,0.1370957504234168
3,297,0.5791245791245792,-5.185491562410601,-6.512381151299638,0.1370957504234168
